,Product Name,Prices,Description,Review
0,"Apple iPhone 14 (Midnight, 128 GB)","₹56,999","128 GB ROM15.49 cm (6.1 inch) Super Retina XDR Display12MP + 12MP | 12MP Front CameraA15 Bionic Chip, 6 Core Processor Processor1 Year Warranty for Phone and 6 Months Warranty for In-Box Accessories",4.6
1,"Motorola G34 5G (Ocean Green, 128 GB)","₹10,999",4 GB RAM | 128 GB ROM16.51 cm (6.5 inch) HD+ Display50MP + 2MP | 16MP Front Camera5000 mAh BatterySnapdragon 695 5G ProcessorVegan Leather Design1 Year on Handset and 6 Months on Accessories,4.2
2,"SAMSUNG Galaxy F14 5G (GOAT Green, 128 GB)","₹10,990","6 GB RAM | 128 GB ROM | Expandable Upto 1 TB16.76 cm (6.6 inch) Full HD+ Display50MP + 2MP | 13MP Front Camera6000 mAh BatteryExynos 1330, Octa Core Processor1 Year Manufacturer Warranty for Device and 6 Months Manufacturer Warranty for In-Box Accessories",4.2
3,"SAMSUNG Galaxy F13 (Nightsky Green, 64 GB)","₹7,499",4 GB RAM | 64 GB ROM | Expandable Upto 1 TB16.76 cm (6.6 inch) Full HD+ Display50MP + 5MP + 2MP | 8MP Front Camera6000 mAh Lithium Ion BatteryExynos 850 Processor1 Year Warranty Provided By the Manufacturer from Date of Purchase,4.3
4,"POCO C51 (Power Black, 64 GB)","₹5,499",4 GB RAM | 64 GB ROM | Expandable Upto 1 TB16.56 cm (6.52 inch) HD+ Display8MP Dual Rear Camera | 5MP Front Camera5000 mAh BatteryHelio G36 Processor1 Year Manufacturer Warranty for Phone and 6 Months Warranty for in the Box Accessories,4
5,"REDMI A2 (Sea Green, 64 GB)","₹5,299",2 GB RAM | 64 GB ROM | Expandable Upto 1 TB16.56 cm (6.52 inch) HD+ Display8MP Rear Camera | 5MP Front Camera5000 mAh BatteryHelio G36 Processor1 Year Manufacturer Warranty for Phone and 6 Months Warranty for In the Box Accessories,4.2
6,"Motorola g54 5G (Midnight Blue, 128 GB)","₹13,999",8 GB RAM | 128 GB ROM | Expandable Upto 1 TB16.51 cm (6.5 inch) Full HD+ Display50MP (OIS) + 8MP | 16MP Front Camera6000 mAh BatteryDimensity 7020 Processor1 Year on Handset and 6 Months on Accessories,4.2
7,"SAMSUNG Galaxy F14 5G (OMG Black, 128 GB)","₹10,990","6 GB RAM | 128 GB ROM | Expandable Upto 1 TB16.76 cm (6.6 inch) Full HD+ Display50MP + 2MP | 13MP Front Camera6000 mAh BatteryExynos 1330, Octa Core Processor1 Year Manufacturer Warranty for Device and 6 Months Manufacturer Warranty for In-Box Accessories",4.2
8,"Apple iPhone 14 (Starlight, 128 GB)","₹56,999","128 GB ROM15.49 cm (6.1 inch) Super Retina XDR Display12MP + 12MP | 12MP Front CameraA15 Bionic Chip, 6 Core Processor Processor1 Year Warranty for Phone and 6 Months Warranty for In-Box Accessories",4.6
9,"POCO C55 (Forest Green, 64 GB)","₹6,299",4 GB RAM | 64 GB ROM | Expandable Upto 1 TB17.04 cm (6.71 inch) HD+ Display50MP Dual Rear Camera | 5MP Front Camera5000 mAh BatteryMediatek Helio G85 Processor1 Year Manufacturer Warranty for Phone and 6 Months Warranty for In the Box Accessories,4.2
10,"REDMI A2 (Aqua Blue, 64 GB)","₹5,299",2 GB RAM | 64 GB ROM | Expandable Upto 1 TB16.56 cm (6.52 inch) HD+ Display8MP Rear Camera | 5MP Front Camera5000 mAh BatteryHelio G36 Processor1 Year Manufacturer Warranty for Phone and 6 Months Warranty for In the Box Accessories,4.2
11,"SAMSUNG Galaxy F13 (Waterfall Blue, 64 GB)","₹7,499",4 GB RAM | 64 GB ROM | Expandable Upto 1 TB16.76 cm (6.6 inch) Full HD+ Display50MP + 5MP + 2MP | 8MP Front Camera6000 mAh Lithium Ion BatteryExynos 850 Processor1 Year Warranty Provided By the Manufacturer from Date of Purchase,4.3
12,"OnePlus Nord CE 3 Lite 5G (Chromatic Gray, 128 GB)","₹18,954",8 GB RAM | 128 GB ROM17.07 cm (6.72 inch) Display108MP Rear Camera5000 mAh BatteryDomestic Warranty of 12 months on phone & 6 months on accessories,4.4
13,"OnePlus Nord CE 3 Lite 5G (Chromatic Gray, 256 GB)","₹20,118",8 GB RAM | 256 GB ROM17.07 cm (6.72 inch) Display108MP Rear Camera5000 mAh BatteryDomestic Warranty of 12 months on phone & 6 months on accessories,4.4
14,"SAMSUNG Galaxy F14 5G (B.A.E. Purple, 128 GB)","₹10,990","6 GB RAM | 128 GB ROM | Expandable Upto 1 TB16.76 cm (6.6 inch) Full HD+ Display50MP + 2MP | 13MP Front Camera6000 mAh BatteryExynos 1330, Octa Core Processor1 Year Manufacturer Warranty for Device and 6 Months Manufacturer Warranty for In-Box Accessories",4.2
15,"Motorola Edge 40 Neo (Caneel Bay, 128 GB)","₹22,999",8 GB RAM | 128 GB ROM16.64 cm (6.55 inch) Full HD+ Display50MP + 13MP | 32MP Front Camera5000 mAh BatteryDimensity 7030 Processor1 Year on Handset and 6 Months on Accessories,4.4
16,"POCO C55 (Cool Blue, 64 GB)","₹6,299",4 GB RAM | 64 GB ROM | Expandable Upto 1 TB17.04 cm (6.71 inch) HD+ Display50MP Dual Rear Camera | 5MP Front Camera5000 mAh BatteryMediatek Helio G85 Processor1 Year Manufacturer Warranty for Phone and 6 Months Warranty for In the Box Accessories,4.2
17,"POCO C55 (Power Black, 64 GB)","₹5,999",4 GB RAM | 64 GB ROM | Expandable Upto 1 TB17.04 cm (6.71 inch) HD+ Display50MP Dual Rear Camera | 5MP Front Camera5000 mAh BatteryMediatek Helio G85 Processor1 Year Manufacturer Warranty for Phone and 6 Months Warranty for In the Box Accessories,4.2
18,"OnePlus Nord CE 3 Lite 5G (Pastel Lime, 128 GB)","₹19,015",8 GB RAM | 128 GB ROM17.07 cm (6.72 inch) Display108MP Rear Camera5000 mAh BatteryDomestic Warranty of 12 months on phone & 6 months on accessories,4.4
19,"POCO M6 5G (Orion Blue, 128 GB)","₹9,499",4 GB RAM | 128 GB ROM | Expandable Upto 1 TB17.12 cm (6.74 inch) HD+ Display50MP Rear Camera5000 mAh BatteryMediatek Dimensity 6100+ Processor1 Year Manufacturer Warranty for Phone and 6 Months Warranty for In the Box Accessories,4.3
20,"Motorola Edge 40 Neo (Peach Fuzz, 128 GB)","₹22,999",8 GB RAM | 128 GB ROM16.64 cm (6.55 inch) Full HD+ Display50MP + 13MP | 32MP Front Camera5000 mAh BatteryDimensity 7030 Processor1 Year on Handset and 6 Months on Accessories,4.4
21,"Motorola g54 5G (Mint Green, 256 GB)","₹15,999",12 GB RAM | 256 GB ROM | Expandable Upto 1 TB16.51 cm (6.5 inch) Full HD+ Display50MP (OIS) + 8MP | 16MP Front Camera6000 mAh BatteryDimensity 7020 Processor1 Year on Handset and 6 Months on Accessories,4.2
22,"Motorola g54 5G (Midnight Blue, 256 GB)","₹15,999",12 GB RAM | 256 GB ROM | Expandable Upto 1 TB16.51 cm (6.5 inch) Full HD+ Display50MP (OIS) + 8MP | 16MP Front Camera6000 mAh BatteryDimensity 7020 Processor1 Year on Handset and 6 Months on Accessories,4.2
23,"Motorola g54 5G (Mint Green, 128 GB)","₹13,999",8 GB RAM | 128 GB ROM | Expandable Upto 1 TB16.51 cm (6.5 inch) Full HD+ Display50MP (OIS) + 8MP | 16MP Front Camera6000 mAh BatteryDimensity 7020 Processor1 Year on Handset and 6 Months on Accessories,4.2
24,"REDMI 12 5G (Moonstone Silver, 128 GB)","₹12,999",6 GB RAM | 128 GB ROM | Expandable Upto 1 TB17.25 cm (6.79 inch) Full HD+ Display50MP + 2MP | 8MP Front Camera5000 mAh BatterySnapdragon 4 Gen 2 Processor1 Year Manufacturer Warranty for Phone and 6 Months Warranty for In the Box Accessories,4.3
25,"Apple iPhone 13 (Starlight, 128 GB)","₹52,999",128 GB ROM15.49 cm (6.1 inch) Super Retina XDR Display12MP + 12MP | 12MP Front CameraA15 Bionic Chip ProcessorBrand Warranty for 1 Year,4.7
26,"Motorola Edge 40 Neo (Soothing Sea, 128 GB)","₹22,999",8 GB RAM | 128 GB ROM16.64 cm (6.55 inch) Full HD+ Display50MP + 13MP | 32MP Front Camera5000 mAh BatteryDimensity 7030 Processor1 Year on Handset and 6 Months on Accessories,4.4
27,"OnePlus Nord CE 3 Lite 5G (Pastel Lime, 256 GB)","₹20,338",8 GB RAM | 256 GB ROM17.07 cm (6.72 inch) Display108MP Rear Camera5000 mAh BatteryDomestic Warranty of 12 months on phone & 6 months on accessories,4.4
28,"POCO C55 (Cool Blue, 128 GB)","₹6,999",6 GB RAM | 128 GB ROM | Expandable Upto 1 TB17.04 cm (6.71 inch) HD+ Display50MP Dual Rear Camera | 5MP Front Camera5000 mAh BatteryMediatek Helio G85 Processor1 Year Manufacturer Warranty for Phone and 6 Months Warranty for In the Box Accessories,4.2
29,"REDMI 12 (Moonstone Silver, 128 GB)","₹10,499",6 GB RAM | 128 GB ROM | Expandable Upto 1 TB17.25 cm (6.79 inch) Full HD+ Display50MP + 8MP + 2MP | 8MP Front Camera5000 mAh BatteryHelio G88 Processor1 Year Manufacturer Warranty for Phone and 6 Months Warranty for in the Box Accessories,4.2
30,"POCO M6 5G (Orion Blue, 128 GB)","₹10,499",6 GB RAM | 128 GB ROM | Expandable Upto 1 TB17.12 cm (6.74 inch) HD+ Display50MP Rear Camera5000 mAh BatteryMediatek Dimensity 6100+ Processor1 Year Manufacturer Warranty for Phone and 6 Months Warranty for In the Box Accessories,4.3
31,"Motorola g54 5G (Pearl Blue, 128 GB)","₹13,999",8 GB RAM | 128 GB ROM | Expandable Upto 1 TB16.51 cm (6.5 inch) Full HD+ Display50MP (OIS) + 8MP | 16MP Front Camera6000 mAh BatteryDimensity 7020 Processor1 Year on Handset and 6 Months on Accessories,4.2
32,"Motorola G34 5G (Charcoal Black, 128 GB)","₹11,999",8 GB RAM | 128 GB ROM16.51 cm (6.5 inch) HD+ Display50MP + 2MP | 16MP Front Camera5000 mAh BatterySnapdragon 695 5G Processor1 Year on Handset and 6 Months on Accessories,4.2
33,"POCO C55 (Power Black, 128 GB)","₹6,999",6 GB RAM | 128 GB ROM | Expandable Upto 1 TB17.04 cm (6.71 inch) HD+ Display50MP Dual Rear Camera | 5MP Front Camera5000 mAh BatteryMediatek Helio G85 Processor1 Year Manufacturer Warranty for Phone and 6 Months Warranty for In the Box Accessories,4.2
34,"POCO C55 (Forest Green, 128 GB)","₹6,999",6 GB RAM | 128 GB ROM | Expandable Upto 1 TB17.04 cm (6.71 inch) HD+ Display50MP Dual Rear Camera | 5MP Front Camera5000 mAh BatteryMediatek Helio G85 Processor1 Year Manufacturer Warranty for Phone and 6 Months Warranty for In the Box Accessories,4.2
35,"Nokia 105 Single SIM, Keypad Mobile Phone with Wireless FM Radio","₹1,279",32 MB RAM | 32 MB ROM4.5 cm (1.77 inch) QVGA Display0MP Front Camera800 mAh Lithium Ion BatterySC6531E Processor1 Year Manufacturer Warranty for Device and 6 Months Manufacturer Warranty for In-box Accessories Including Battery from the Date of Purchase,4.1
36,"realme 12 Pro 5G (Navigator Beige, 128 GB)","₹25,999",8 GB RAM | 128 GB ROM17.02 cm (6.7 inch) Full HD+ Display50MP + 8MP + 32MP | 16MP Front Camera5000 mAh BatterySnapdragon 6 Gen 1 Processor1 Year Manufacturer Warranty for Device and 6 Months Manufacturer Warranty for Inbox Accessories,4.5
37,"realme 12 Pro 5G (Navigator Beige, 256 GB)","₹26,999",8 GB RAM | 256 GB ROM17.02 cm (6.7 inch) Full HD+ Display50MP + 8MP + 32MP | 16MP Front Camera5000 mAh BatterySnapdragon 6 Gen 1 Processor1 Year Manufacturer Warranty for Device and 6 Months Manufacturer Warranty for Inbox Accessories,4.5
38,"realme 12 Pro 5G (Submarine Blue, 128 GB)","₹25,999",8 GB RAM | 128 GB ROM17.02 cm (6.7 inch) Full HD+ Display50MP + 8MP + 32MP | 16MP Front Camera5000 mAh BatterySnapdragon 6 Gen 1 Processor1 Year Manufacturer Warranty for Device and 6 Months Manufacturer Warranty for Inbox Accessories,4.5
39,"realme 12 Pro 5G (Submarine Blue, 256 GB)","₹26,999",8 GB RAM | 256 GB ROM17.02 cm (6.7 inch) Full HD+ Display50MP + 8MP + 32MP | 16MP Front Camera5000 mAh BatterySnapdragon 6 Gen 1 Processor1 Year Manufacturer Warranty for Device and 6 Months Manufacturer Warranty for Inbox Accessories,4.5
40,"Motorola Edge 40 Neo (Black Beauty, 128 GB)","₹22,999",8 GB RAM | 128 GB ROM16.64 cm (6.55 inch) Full HD+ Display50MP + 13MP | 32MP Front Camera5000 mAh BatteryDimensity 7030 Processor1 Year on Handset and 6 Months on Accessories,4.4
41,"Apple iPhone 13 (Midnight, 128 GB)","₹52,999",128 GB ROM15.49 cm (6.1 inch) Super Retina XDR Display12MP + 12MP | 12MP Front CameraA15 Bionic Chip ProcessorBrand Warranty for 1 Year,4.7
42,"Motorola e13 (Aurora Green, 64 GB)","₹6,499",4 GB RAM | 64 GB ROM | Expandable Upto 1 TB16.51 cm (6.5 inch) HD+ Display13MP Rear Camera | 5MP Front Camera5000 mAh BatteryUnisoc T606 Processor1 Year on Handset and 6 Months on Accessories,4.1
43,"REDMI 12 (Pastel Blue, 128 GB)","₹10,499",6 GB RAM | 128 GB ROM | Expandable Upto 1 TB17.25 cm (6.79 inch) Full HD+ Display50MP + 8MP + 2MP | 8MP Front Camera5000 mAh BatteryHelio G88 Processor1 Year Manufacturer Warranty for Phone and 6 Months Warranty for in the Box Accessories,4.2
44,"Motorola G34 5G (Ice Blue, 128 GB)","₹10,999",4 GB RAM | 128 GB ROM16.51 cm (6.5 inch) HD+ Display50MP + 2MP | 16MP Front Camera5000 mAh BatterySnapdragon 695 5G Processor1 Year on Handset and 6 Months on Accessories,4.2
45,"Apple iPhone 14 (Purple, 128 GB)","₹56,999","128 GB ROM15.49 cm (6.1 inch) Super Retina XDR Display12MP + 12MP | 12MP Front CameraA15 Bionic Chip, 6 Core Processor Processor1 Year Warranty for Phone and 6 Months Warranty for In-Box Accessories",4.6
46,"Apple iPhone 13 (Pink, 128 GB)","₹52,999",128 GB ROM15.49 cm (6.1 inch) Super Retina XDR Display12MP + 12MP | 12MP Front CameraA15 Bionic Chip ProcessorBrand Warranty for 1 Year,4.7
47,"Motorola e13 (Cosmic Black, 64 GB)","₹6,499",4 GB RAM | 64 GB ROM | Expandable Upto 1 TB16.51 cm (6.5 inch) HD+ Display13MP Rear Camera | 5MP Front Camera5000 mAh BatteryUnisoc T606 Processor1 Year on Handset and 6 Months on Accessories,4.1
48,"Motorola g84 5G (Viva Magenta, 256 GB)","₹17,999",12 GB RAM | 256 GB ROM16.64 cm (6.55 inch) Full HD+ Display50MP (OIS) + 8MP | 16MP Front Camera5000 mAh BatterySnapdragon 695 Processor1 Year on Handset and 6 Months on Accessories,4.2
49,"OnePlus Nord CE 3 Lite 5G (Chromatic Gray, 256 GB)","₹20,119",8 GB RAM | 256 GB ROM17.07 cm (6.72 inch) Display108MP Rear Camera5000 mAh BatteryDomestic Warranty of 12 months on phone & 6 months on accessories,4.4
50,"Motorola G34 5G (Charcoal Black, 128 GB)","₹10,999",4 GB RAM | 128 GB ROM16.51 cm (6.5 inch) HD+ Display50MP + 2MP | 16MP Front Camera5000 mAh BatterySnapdragon 695 5G Processor1 Year on Handset and 6 Months on Accessories,4.2
51,"POCO M6 5G (Galactic Black, 128 GB)","₹9,499",4 GB RAM | 128 GB ROM | Expandable Upto 1 TB17.12 cm (6.74 inch) HD+ Display50MP Rear Camera5000 mAh BatteryMediatek Dimensity 6100+ Processor1 Year Manufacturer Warranty for Phone and 6 Months Warranty for In the Box Accessories,4.3
52,"realme 11x 5G (Purple Dawn, 128 GB)","₹15,999",8 GB RAM | 128 GB ROM | Expandable Upto 2 TB17.07 cm (6.72 inch) Full HD+ Display64MP + 2MP | 8MP Front Camera5000 mAh BatteryDimensity 6100+ Processor1 Year Manufacturer Warranty for Phone and 6 Months Warranty for In the Box Accessories,4.3
53,"OnePlus Nord CE 3 Lite 5G (Chromatic Gray, 128 GB)","₹18,954",8 GB RAM | 128 GB ROM17.07 cm (6.72 inch) Display108MP Rear Camera5000 mAh BatteryDomestic Warranty of 12 months on phone & 6 months on accessories,4.4
54,"POCO C55 (Forest Green, 64 GB)","₹6,299",4 GB RAM | 64 GB ROM | Expandable Upto 1 TB17.04 cm (6.71 inch) HD+ Display50MP Dual Rear Camera | 5MP Front Camera5000 mAh BatteryMediatek Helio G85 Processor1 Year Manufacturer Warranty for Phone and 6 Months Warranty for In the Box Accessories,4.2
55,"SAMSUNG Galaxy F13 (Waterfall Blue, 64 GB)","₹7,499",4 GB RAM | 64 GB ROM | Expandable Upto 1 TB16.76 cm (6.6 inch) Full HD+ Display50MP + 5MP + 2MP | 8MP Front Camera6000 mAh Lithium Ion BatteryExynos 850 Processor1 Year Warranty Provided By the Manufacturer from Date of Purchase,4.3
56,"realme C51 (Mint Green, 64 GB)","₹7,999",4 GB RAM | 64 GB ROM | Expandable Upto 2 TB17.12 cm (6.74 inch) HD Display50MP + 0.08MP | 5MP Front Camera5000 mAh BatteryT612 Processor1 Year Manufacturer Warranty for Phone and 6 Months Warranty for In the Box Accessories,4.3
57,"realme C51 (Carbon Black, 64 GB)","₹7,999",4 GB RAM | 64 GB ROM | Expandable Upto 2 TB17.12 cm (6.74 inch) HD Display50MP + 0.08MP | 5MP Front Camera5000 mAh BatteryT612 Processor1 Year Manufacturer Warranty for Phone and 6 Months Warranty for In the Box Accessories,4.3
58,"POCO M6 Pro 5G (Power Black, 256 GB)","₹12,999",8 GB RAM | 256 GB ROM | Expandable Upto 1 TB17.25 cm (6.79 inch) Full HD+ Display50MP + 2MP | 8MP Front Camera5000 mAh BatterySnapdragon 4 Gen 2 Processor1 Year Manufacturer Warranty for Phone and 6 Months Warranty for In the Box Accessories,4.2
59,"realme C51 (Carbon Black, 128 GB)","₹8,999",4 GB RAM | 128 GB ROM | Expandable Upto 2 TB17.12 cm (6.74 inch) HD Display50MP + 0.08MP | 5MP Front Camera5000 mAh BatteryT612 Processor1 Year Manufacturer Warranty for Phone and 6 Months Warranty for In the Box Accessories,4.3
60,"POCO M6 Pro 5G (Power Black, 128 GB)","₹11,499",6 GB RAM | 128 GB ROM | Expandable Upto 1 TB17.25 cm (6.79 inch) Full HD+ Display50MP + 2MP | 8MP Front Camera5000 mAh BatterySnapdragon 4 Gen 2 Processor1 Year Manufacturer Warranty for Phone and 6 Months Warranty for In the Box Accessories,4.3
61,"POCO C51 (Power Black, 128 GB)","₹6,499",6 GB RAM | 128 GB ROM | Expandable Upto 1 TB16.56 cm (6.52 inch) HD+ Display8MP Rear Camera | 5MP Front Camera5000 mAh Lithium Polymer BatteryHelio G36 Processor1 Year Manufacturer Warranty for Phone and 6 Months Warranty for In the Box Accessories,4.1
62,"OnePlus Nord CE 3 Lite 5G (Chromatic Gray, 128 GB)","₹18,796",8 GB RAM | 128 GB ROM17.07 cm (6.72 inch) Display108MP Rear Camera5000 mAh BatteryDomestic Warranty of 12 months on phone & 6 months on accessories,4.4
63,"REDMI Note 13 Pro 5G (Coral Purple, 128 GB)","₹25,999",8 GB RAM | 128 GB ROM16.94 cm (6.67 inch) Display200MP (OIS) + 8MP + 2MP | 16MP Front Camera5100 mAh Battery7s Gen 2 Mobile Platform 5G Processor1 Year Manufacturer Warranty for Phone and 6 Months Warranty for In the Box Accessories,4.3
64,"Infinix SMART 8 HD (Shiny Gold, 64 GB)","₹6,399",3 GB RAM | 64 GB ROM | Expandable Upto 2 TB16.76 cm (6.6 inch) HD+ Display13MP + AI Lens | 8MP Front Camera5000 mAh BatteryT606 Processor1 Year on Handset and 6 Months on Accessories,4.3
65,"POCO X6 Pro 5G (Yellow, 256 GB)","₹26,999",8 GB RAM | 256 GB ROM16.94 cm (6.67 inch) Display64MP + 8MP + 2MP | 16MP Front Camera5000 mAh BatteryDimensity D8300 Ultra Processor1 Year Manufacturer Warranty for Phone and 6 Months Warranty for In the Box Accessories,4.2
66,"Infinix SMART 8 HD (Timber Black, 64 GB)","₹6,399",3 GB RAM | 64 GB ROM | Expandable Upto 2 TB16.76 cm (6.6 inch) HD+ Display13MP + AI Lens | 8MP Front Camera5000 mAh BatteryT606 Processor1 Year on Handset and 6 Months on Accessories,4.3
67,"Infinix SMART 8 HD (Crystal Green, 64 GB)","₹6,399",3 GB RAM | 64 GB ROM | Expandable Upto 2 TB16.76 cm (6.6 inch) HD+ Display13MP + AI Lens | 8MP Front Camera5000 mAh BatteryT606 Processor1 Year on Handset and 6 Months on Accessories,4.3
68,"Infinix SMART 8 HD (Galaxy White, 64 GB)","₹6,399",3 GB RAM | 64 GB ROM | Expandable Upto 2 TB16.76 cm (6.6 inch) HD+ Display13MP + AI Lens | 8MP Front Camera5000 mAh BatteryT606 Processor1 Year on Handset and 6 Months on Accessories,4.3
69,"Apple iPhone 15 Plus (Green, 128 GB)","₹82,999","128 GB ROM17.02 cm (6.7 inch) Super Retina XDR Display48MP + 12MP | 12MP Front CameraA16 Bionic Chip, 6 Core Processor Processor1 Year Warranty for Phone and 6 Months Warranty for In-Box Accessories",4.6
70,"Infinix Note 30 5G (Magic Black, 128 GB)","₹14,999",4 GB RAM | 128 GB ROM | Expandable Upto 2 TB17.22 cm (6.78 inch) Full HD+ Display108 MP + 2 MP+ AI Lens | 16MP Front Camera5000 mAh Li-ion Polymer BatteryDimensity 6080 Processor1 Year on Handset and 6 Months on Accessories,4.1
71,"realme 12 Pro+ 5G (Navigator Beige, 256 GB)","₹31,999",8 GB RAM | 256 GB ROM17.02 cm (6.7 inch) Full HD+ Display50MP + 8MP + 64MP | 32MP Front Camera5000 mAh BatterySnapdragon 7s Gen 2 Processor1 Year Manufacturer Warranty for Device and 6 Months Manufacturer Warranty for Inbox Accessories,4.5
72,"POCO X6 5G (Mirror Black, 256 GB)","₹21,999",8 GB RAM | 256 GB ROM16.94 cm (6.67 inch) Display64MP + 8MP + 2MP | 16MP Front Camera5100 mAh Battery7s Gen 2 Mobile Platform 5G Processor1 Year Manufacturer Warranty for Phone and 6 Months Warranty for In the Box Accessories,4.3
73,"realme 11x 5G (Midnight Black, 128 GB)","₹15,999",8 GB RAM | 128 GB ROM | Expandable Upto 2 TB17.07 cm (6.72 inch) Full HD+ Display64MP + 2MP | 8MP Front Camera5000 mAh BatteryDimensity 6100+ Processor1 Year Manufacturer Warranty for Phone and 6 Months Warranty for In the Box Accessories,4.3
74,"REDMI 12 (Jade Black, 128 GB)","₹9,499",4 GB RAM | 128 GB ROM | Expandable Upto 1 TB17.25 cm (6.79 inch) Full HD+ Display50MP + 8MP + 2MP | 8MP Front Camera5000 mAh BatteryHelio G88 Processor1 Year Manufacturer Warranty for Phone and 6 Months Warranty for in the Box Accessories,4.3
75,"realme C53 (Champion Black, 64 GB)","₹8,999",6 GB RAM | 64 GB ROM | Expandable Upto 2 TB17.12 cm (6.74 inch) HD Display108MP + 2MP | 8MP Front Camera5000 mAh BatteryT612 Processor1 Year Manufacturer Warranty for Phone and 6 Months Warranty for In the Box Accessories,4.4
76,"Apple iPhone 15 Plus (Black, 128 GB)","₹82,999","128 GB ROM17.02 cm (6.7 inch) Super Retina XDR Display48MP + 12MP | 12MP Front CameraA16 Bionic Chip, 6 Core Processor Processor1 Year Warranty for Phone and 6 Months Warranty for In-Box Accessories",4.6
77,"realme 11x 5G (Midnight Black, 128 GB)","₹14,999",6 GB RAM | 128 GB ROM | Expandable Upto 2 TB17.07 cm (6.72 inch) Full HD+ Display64MP + 2MP | 8MP Front Camera5000 mAh BatteryDimensity 6100+ Processor1 Year Manufacturer Warranty for Phone and 6 Months Warranty for In the Box Accessories,4.4
78,"POCO M6 Pro 5G (Forest Green, 128 GB)","₹11,499",6 GB RAM | 128 GB ROM | Expandable Upto 1 TB17.25 cm (6.79 inch) Full HD+ Display50MP + 2MP | 8MP Front Camera5000 mAh BatterySnapdragon 4 Gen 2 Processor1 Year Manufacturer Warranty for Phone and 6 Months Warranty for In the Box Accessories,4.3
79,"REDMI A2 (Classic Black, 64 GB)","₹5,299",2 GB RAM | 64 GB ROM | Expandable Upto 1 TB16.56 cm (6.52 inch) HD+ Display8MP Rear Camera | 5MP Front Camera5000 mAh BatteryHelio G36 Processor1 Year Manufacturer Warranty for Phone and 6 Months Warranty for In the Box Accessories,4.2
80,"POCO M6 5G (Orion Blue, 256 GB)","₹11,999",8 GB RAM | 256 GB ROM | Expandable Upto 1 TB17.12 cm (6.74 inch) HD+ Display50MP Rear Camera5000 mAh BatteryMediatek Dimensity 6100+ Processor1 Year Manufacturer Warranty for Phone and 6 Months Warranty for In the Box Accessories,4.3
81,"realme 11 5G (Glory Gold, 128 GB)","₹15,999",8 GB RAM | 128 GB ROM | Expandable Upto 2 TB17.07 cm (6.72 inch) Full HD+ Display108MP + 2MP | 16MP Front Camera5000 mAh BatteryDimensity 6100+ Processor1 Year Manufacturer Warranty for Phone and 6 Months Warranty for In the Box Accessories,4.3
82,"realme C53 (Champion Gold, 128 GB)","₹10,999",6 GB RAM | 128 GB ROM | Expandable Upto 2 TB17.12 cm (6.74 inch) HD Display108MP + 2MP | 8MP Front Camera5000 mAh BatteryT612 Processor1 Year Manufacturer Warranty for Phone and 6 Months Warranty for In the Box Accessories,4.4
83,"Motorola G32 (Mineral Gray, 128 GB)","₹9,999",8 GB RAM | 128 GB ROM16.51 cm (6.5 inch) Full HD+ Display50MP + 8MP + 2MP | 16MP Front Camera5000 mAh Lithium Polymer BatteryQualcomm Snapdragon 680 Processor1 Year on Handset and 6 Months on Accessories,4.1
84,"POCO M6 Pro 5G (Forest Green, 128 GB)","₹10,499",4 GB RAM | 128 GB ROM | Expandable Upto 1 TB17.25 cm (6.79 inch) Full HD+ Display50MP + 2MP | 8MP Front Camera5000 mAh BatterySnapdragon 4 Gen 2 Processor1 Year Manufacturer Warranty for Phone and 6 Months Warranty for In the Box Accessories,4.3
85,"OnePlus Nord CE 3 Lite 5G (Pastel lime, 256 GB)","₹20,113","8 GB RAM | 256 GB ROM17.07 cm (6.72 inch) Display108MP Rear Camera5000 mAh Battery1 Year for  handset ,6 months fro accessories",4.4
86,"OnePlus Nord CE 3 Lite 5G (Chromatic Gray, 256 GB)","₹20,140","8 GB RAM | 256 GB ROM17.07 cm (6.72 inch) Display108MP Rear Camera5000 mAh Battery1 Year for  handset ,6 months fro accessories",4.4
87,"realme C53 (Champion Gold, 64 GB)","₹8,999",6 GB RAM | 64 GB ROM | Expandable Upto 2 TB17.12 cm (6.74 inch) HD Display108MP + 2MP | 8MP Front Camera5000 mAh BatteryT612 Processor1 Year Manufacturer Warranty for Phone and 6 Months Warranty for In the Box Accessories,4.4
88,"realme C51 (Mint Green, 128 GB)","₹8,999",4 GB RAM | 128 GB ROM | Expandable Upto 2 TB17.12 cm (6.74 inch) HD Display50MP + 0.08MP | 5MP Front Camera5000 mAh BatteryT612 Processor1 Year Manufacturer Warranty for Phone and 6 Months Warranty for In the Box Accessories,4.3
89,"realme 11 5G (Glory Black, 128 GB)","₹15,999",8 GB RAM | 128 GB ROM | Expandable Upto 2 TB17.07 cm (6.72 inch) Full HD+ Display108MP + 2MP | 16MP Front Camera5000 mAh BatteryDimensity 6100+ Processor1 Year Manufacturer Warranty for Phone and 6 Months Warranty for In the Box Accessories,4.3
90,"Motorola g84 5G (Viva Magenta, 256 GB)","₹17,999",12 GB RAM | 256 GB ROM16.64 cm (6.55 inch) Full HD+ Display50MP (OIS) + 8MP | 16MP Front Camera5000 mAh BatterySnapdragon 695 Processor1 Year on Handset and 6 Months on Accessories,4.2
91,"Nothing Phone (2) (Dark Grey, 512 GB)","₹38,999",12 GB RAM | 512 GB ROM17.02 cm (6.7 inch) Full HD+ Display50 MP(OIS) +50MP | 32MP Front Camera4700 mAh Lithium ion BatteryQualcomm Snapdragon 8+ Gen 1 ProcessorLTPO AMOLED (1 Hz - 120 Hz)1 Year Manufacturing Warranty,4.4
92,"POCO M6 5G (Galactic Black, 128 GB)","₹9,499",4 GB RAM | 128 GB ROM | Expandable Upto 1 TB17.12 cm (6.74 inch) HD+ Display50MP Rear Camera5000 mAh BatteryMediatek Dimensity 6100+ Processor1 Year Manufacturer Warranty for Phone and 6 Months Warranty for In the Box Accessories,4.3
93,"Motorola G34 5G (Charcoal Black, 128 GB)","₹10,999",4 GB RAM | 128 GB ROM16.51 cm (6.5 inch) HD+ Display50MP + 2MP | 16MP Front Camera5000 mAh BatterySnapdragon 695 5G Processor1 Year on Handset and 6 Months on Accessories,4.2
94,"OnePlus Nord CE 2 Lite 5G (Blue Tide, 128 GB)","₹17,035",6 GB RAM | 128 GB ROM16.74 cm (6.59 inch) Display64MP Rear Camera | 16MP Front Camera5000 mAh Battery12 Months,4.4
95,"REDMI A2 (Aqua Blue, 64 GB)","₹6,676",4 GB RAM | 64 GB ROM | Expandable Upto 1 TB16.56 cm (6.52 inch) HD+ Display8MP Rear Camera | 5MP Front Camera5000 mAh BatteryHelio G36 Processor1 Year Manufacturer Warranty for Phone and 6 Months Warranty for In the Box Accessories,4.2
96,"realme 11 5G (Glory Black, 256 GB)","₹19,999",8 GB RAM | 256 GB ROM | Expandable Upto 2 TB17.07 cm (6.72 inch) Full HD+ Display108MP + 2MP | 16MP Front Camera5000 mAh BatteryDimensity 6100+ Processor1 Year Manufacturer Warranty for Phone and 6 Months Warranty for In the Box Accessories,4.3
97,"Apple iPhone 13 (Starlight, 128 GB)","₹52,999",128 GB ROM15.49 cm (6.1 inch) Super Retina XDR Display12MP + 12MP | 12MP Front CameraA15 Bionic Chip ProcessorBrand Warranty for 1 Year,4.7
98,"realme 12 Pro+ 5G (Submarine Blue, 256 GB)","₹33,999",12 GB RAM | 256 GB ROM17.02 cm (6.7 inch) Full HD+ Display50MP + 8MP + 64MP | 32MP Front Camera5000 mAh BatterySnapdragon 7s Gen 2 Processor1 Year Manufacturer Warranty for Device and 6 Months Manufacturer Warranty for Inbox Accessories,4.5
99,"realme 12 Pro+ 5G (Navigator Beige, 256 GB)","₹33,999",12 GB RAM | 256 GB ROM17.02 cm (6.7 inch) Full HD+ Display50MP + 8MP + 64MP | 32MP Front Camera5000 mAh BatterySnapdragon 7s Gen 2 Processor1 Year Manufacturer Warranty for Device and 6 Months Manufacturer Warranty for Inbox Accessories,4.5
100,"Motorola g54 5G (Pearl Blue, 256 GB)","₹15,999",12 GB RAM | 256 GB ROM | Expandable Upto 1 TB16.51 cm (6.5 inch) Full HD+ Display50MP (OIS) + 8MP | 16MP Front Camera6000 mAh BatteryDimensity 7020 Processor1 Year on Handset and 6 Months on Accessories,4.2
101,"POCO C55 (Cool Blue, 128 GB)","₹6,999",6 GB RAM | 128 GB ROM | Expandable Upto 1 TB17.04 cm (6.71 inch) HD+ Display50MP Dual Rear Camera | 5MP Front Camera5000 mAh BatteryMediatek Helio G85 Processor1 Year Manufacturer Warranty for Phone and 6 Months Warranty for In the Box Accessories,4.2
102,"REDMI 12 (Moonstone Silver, 128 GB)","₹10,499",6 GB RAM | 128 GB ROM | Expandable Upto 1 TB17.25 cm (6.79 inch) Full HD+ Display50MP + 8MP + 2MP | 8MP Front Camera5000 mAh BatteryHelio G88 Processor1 Year Manufacturer Warranty for Phone and 6 Months Warranty for in the Box Accessories,4.2
103,"realme C53 (Champion Gold, 128 GB)","₹8,999",4 GB RAM | 128 GB ROM | Expandable Upto 2 TB17.12 cm (6.74 inch) HD Display108MP + 2MP | 8MP Front Camera5000 mAh BatteryT612 Processor1 Year Manufacturer Warranty for Phone and 6 Months Warranty for In the Box Accessories,4.1
104,"POCO X6 Pro 5G (Spectre Black, 256 GB)","₹26,999",8 GB RAM | 256 GB ROM16.94 cm (6.67 inch) Display64MP + 8MP + 2MP | 16MP Front Camera5000 mAh BatteryDimensity D8300 Ultra Processor1 Year Manufacturer Warranty for Phone and 6 Months Warranty for In the Box Accessories,4.2
105,"POCO C55 (Power Black, 128 GB)","₹6,999",6 GB RAM | 128 GB ROM | Expandable Upto 1 TB17.04 cm (6.71 inch) HD+ Display50MP Dual Rear Camera | 5MP Front Camera5000 mAh BatteryMediatek Helio G85 Processor1 Year Manufacturer Warranty for Phone and 6 Months Warranty for In the Box Accessories,4.2
106,"POCO M6 Pro 5G (Power Black, 128 GB)","₹10,499",4 GB RAM | 128 GB ROM | Expandable Upto 1 TB17.25 cm (6.79 inch) Full HD+ Display50MP + 2MP | 8MP Front Camera5000 mAh BatterySnapdragon 4 Gen 2 Processor1 Year Manufacturer Warranty for Phone and 6 Months Warranty for In the Box Accessories,4.3
107,"Motorola e13 (Little Boy Blue, 128 GB)","₹7,499",8 GB RAM | 128 GB ROM | Expandable Upto 1 TB16.51 cm (6.5 inch) HD+ Display13MP Rear Camera | 5MP Front Camera5000 mAh BatteryUnisoc T606 Processor1 Year on Handset and 6 Months on Accessories,4.1
108,"Apple iPhone 13 (Midnight, 128 GB)","₹52,999",128 GB ROM15.49 cm (6.1 inch) Super Retina XDR Display12MP + 12MP | 12MP Front CameraA15 Bionic Chip ProcessorBrand Warranty for 1 Year,4.7
109,"Nokia 105 Single SIM, Keypad Mobile Phone with Wireless FM Radio","₹1,279",32 MB RAM | 32 MB ROM4.5 cm (1.77 inch) QVGA Display0MP Front Camera800 mAh Lithium Ion BatterySC6531E Processor1 Year Manufacturer Warranty for Device and 6 Months Manufacturer Warranty for In-box Accessories Including Battery from the Date of Purchase,4.1
110,"realme 12 Pro+ 5G (Explorer Red, 256 GB)","₹31,999",8 GB RAM | 256 GB ROM17.02 cm (6.7 inch) Full HD+ Display50MP + 8MP + 64MP | 32MP Front Camera5000 mAh BatterySnapdragon 7s Gen 2 Processor1 Year Manufacturer Warranty for Device and 6 Months Manufacturer Warranty for Inbox Accessories,4.5
111,"Motorola G32 (Satin Maroon, 128 GB)","₹9,999",8 GB RAM | 128 GB ROM16.51 cm (6.5 inch) Full HD+ Display50MP + 8MP + 2MP | 16MP Front Camera5000 mAh Lithium Polymer BatteryQualcomm Snapdragon 680 Processor1 Year on Handset and 6 Months on Accessories,4.1
112,"realme C53 (Champion Black, 128 GB)","₹8,999",4 GB RAM | 128 GB ROM | Expandable Upto 2 TB17.12 cm (6.74 inch) HD Display108MP + 2MP | 8MP Front Camera5000 mAh BatteryT612 Processor1 Year Manufacturer Warranty for Phone and 6 Months Warranty for In the Box Accessories,4.1
113,"POCO M6 5G (Galactic Black, 128 GB)","₹10,499",6 GB RAM | 128 GB ROM | Expandable Upto 1 TB17.12 cm (6.74 inch) HD+ Display50MP Rear Camera5000 mAh BatteryMediatek Dimensity 6100+ Processor1 Year Manufacturer Warranty for Phone and 6 Months Warranty for In the Box Accessories,4.3
114,"Motorola e13 (Aurora Green, 64 GB)","₹6,499",4 GB RAM | 64 GB ROM | Expandable Upto 1 TB16.51 cm (6.5 inch) HD+ Display13MP Rear Camera | 5MP Front Camera5000 mAh BatteryUnisoc T606 Processor1 Year on Handset and 6 Months on Accessories,4.1
115,"POCO C55 (Forest Green, 128 GB)","₹6,999",6 GB RAM | 128 GB ROM | Expandable Upto 1 TB17.04 cm (6.71 inch) HD+ Display50MP Dual Rear Camera | 5MP Front Camera5000 mAh BatteryMediatek Helio G85 Processor1 Year Manufacturer Warranty for Phone and 6 Months Warranty for In the Box Accessories,4.2
116,"Infinix HOT 30i (Marigold, 128 GB)","₹8,299",8 GB RAM | 128 GB ROM | Expandable Upto 1 TB16.76 cm (6.6 inch) HD+ Display50MP + AI Lens | 5MP Front Camera5000 mAh BatteryG37 Processor1 Year on Handset and 6 Months on Accessories,4.2
117,"REDMI 13C (Starfrost White, 128 GB)","₹8,999",6 GB RAM | 128 GB ROM | Expandable Upto 1 TB17.12 cm (6.74 inch) HD+ Display50MP Rear Camera | 8MP Front Camera5000 mAh BatteryHelio G85 Processor1 Year Manufacturer Warranty for Phone and 6 Months Warranty for In the Box Accessories,4.2
118,"Apple iPhone 14 (Purple, 128 GB)","₹56,999","128 GB ROM15.49 cm (6.1 inch) Super Retina XDR Display12MP + 12MP | 12MP Front CameraA15 Bionic Chip, 6 Core Processor Processor1 Year Warranty for Phone and 6 Months Warranty for In-Box Accessories",4.6
119,"Apple iPhone 13 (Pink, 128 GB)","₹52,999",128 GB ROM15.49 cm (6.1 inch) Super Retina XDR Display12MP + 12MP | 12MP Front CameraA15 Bionic Chip ProcessorBrand Warranty for 1 Year,4.7
120,"Infinix SMART 8 (Shiny Gold, 64 GB)","₹7,099",4 GB RAM | 64 GB ROM | Expandable Upto 2 TB16.76 cm (6.6 inch) HD+ Display50MP + AI Lens | 8MP Front Camera5000 mAh BatteryHelio G36 Processor1 Year on Handset and 6 Months on Accessories,4.3
121,"realme 12 Pro+ 5G (Submarine Blue, 256 GB)","₹31,999",8 GB RAM | 256 GB ROM17.02 cm (6.7 inch) Full HD+ Display50MP + 8MP + 64MP | 32MP Front Camera5000 mAh BatterySnapdragon 7s Gen 2 Processor1 Year Manufacturer Warranty for Device and 6 Months Manufacturer Warranty for Inbox Accessories,4.5
122,"realme 12 Pro+ 5G (Navigator Beige, 256 GB)","₹31,999",8 GB RAM | 256 GB ROM17.02 cm (6.7 inch) Full HD+ Display50MP + 8MP + 64MP | 32MP Front Camera5000 mAh BatterySnapdragon 7s Gen 2 Processor1 Year Manufacturer Warranty for Device and 6 Months Manufacturer Warranty for Inbox Accessories,4.5
123,"Motorola Edge 40 Neo (Peach Fuzz, 256 GB)","₹24,999",12 GB RAM | 256 GB ROM16.64 cm (6.55 inch) Full HD+ Display50MP + 13MP | 32MP Front Camera5000 mAh BatteryDimensity 7030 Processor1 Year on Handset and 6 Months on Accessories,4.3
124,"REDMI 12 5G (Jade Black, 128 GB)","₹12,999",6 GB RAM | 128 GB ROM | Expandable Upto 1 TB17.25 cm (6.79 inch) Full HD+ Display50MP + 2MP | 8MP Front Camera5000 mAh BatterySnapdragon 4 Gen 2 Processor1 Year Manufacturer Warranty for Phone and 6 Months Warranty for In the Box Accessories,4.3
125,"POCO C51 - Locked with Airtel Prepaid (Royal Blue, 64 GB)","₹4,999",4 GB RAM | 64 GB ROM | Expandable Upto 1 TB16.56 cm (6.52 inch) HD+ Display8MP Dual Rear Camera | 5MP Front Camera5000 mAh BatteryHelio G36 Processor1 Year Manufacturer Warranty for Phone and 6 Months Warranty for in the Box Accessories,4
126,"REDMI A2 (Sea Green, 64 GB)","₹6,982",4 GB RAM | 64 GB ROM | Expandable Upto 1 TB16.56 cm (6.52 inch) HD+ Display8MP Rear Camera | 5MP Front Camera5000 mAh BatteryHelio G36 Processor1 Year Manufacturer Warranty for Phone and 6 Months Warranty for In the Box Accessories,4.2
127,"realme 12 Pro+ 5G (Submarine Blue, 128 GB)","₹29,999",8 GB RAM | 128 GB ROM17.02 cm (6.7 inch) Full HD+ Display50MP + 8MP + 64MP | 32MP Front Camera5000 mAh BatterySnapdragon 7s Gen 2 Processor1 Year Manufacturer Warranty for Device and 6 Months Manufacturer Warranty for Inbox Accessories,4.5
128,"REDMI 12 5G (Moonstone Silver, 256 GB)","₹14,999",8 GB RAM | 256 GB ROM | Expandable Upto 1 TB17.25 cm (6.79 inch) Full HD+ Display50MP + 2MP | 8MP Front Camera5000 mAh BatterySnapdragon 4 Gen 2 Processor1 Year Manufacturer Warranty for Phone and 6 Months Warranty for In the Box Accessories,4.2
129,"Infinix Note 30 5G (Sunset Gold, 256 GB)","₹14,999",8 GB RAM | 256 GB ROM | Expandable Upto 2 TB17.22 cm (6.78 inch) Full HD+ Display108 MP + 2 MP+ AI Lens | 16MP Front Camera5000 mAh Li-ion Polymer BatteryDimensity 6080 Processor1 Year on Handset and 6 Months on Accessories,4.2
130,"POCO X6 Pro 5G (Spectre Black, 512 GB)","₹28,999",12 GB RAM | 512 GB ROM16.94 cm (6.67 inch) Display64MP + 8MP + 2MP | 16MP Front Camera5000 mAh BatteryDimensity D8300 Ultra Processor1 Year Manufacturer Warranty for Phone and 6 Months Warranty for In the Box Accessories,4.3
131,"Infinix Note 30 5G (Magic Black, 256 GB)","₹14,999",8 GB RAM | 256 GB ROM | Expandable Upto 2 TB17.22 cm (6.78 inch) Full HD+ Display108 MP + 2 MP+ AI Lens | 16MP Front Camera5000 mAh Li-ion Polymer BatteryDimensity 6080 Processor1 Year on Handset and 6 Months on Accessories,4.2
132,"realme 11x 5G (Purple Dawn, 128 GB)","₹14,999",6 GB RAM | 128 GB ROM | Expandable Upto 2 TB17.07 cm (6.72 inch) Full HD+ Display64MP + 2MP | 8MP Front Camera5000 mAh BatteryDimensity 6100+ Processor1 Year Manufacturer Warranty for Phone and 6 Months Warranty for In the Box Accessories,4.4
133,"REDMI 13c 5G (Startrail Silver, 128 GB)","₹12,142",6 GB RAM | 128 GB ROM17.12 cm (6.74 inch) Display50MP Rear Camera5000 mAh Battery1 Year,4.2
134,"POCO M6 Pro 5G (Power Black, 256 GB)","₹12,999",8 GB RAM | 256 GB ROM | Expandable Upto 1 TB17.25 cm (6.79 inch) Full HD+ Display50MP + 2MP | 8MP Front Camera5000 mAh BatterySnapdragon 4 Gen 2 Processor1 Year Manufacturer Warranty for Phone and 6 Months Warranty for In the Box Accessories,4.2
135,"REDMI 13c 5G (Startrail Silver, 256 GB)","₹14,097",8 GB RAM | 256 GB ROM17.12 cm (6.74 inch) Display50MP Rear Camera5000 mAh Battery1 Year,4.2
136,"Infinix SMART 8 (Galaxy White, 64 GB)","₹7,099",4 GB RAM | 64 GB ROM | Expandable Upto 2 TB16.76 cm (6.6 inch) HD+ Display50MP + AI Lens | 8MP Front Camera5000 mAh BatteryHelio G36 Processor1 Year on Handset and 6 Months on Accessories,4.3
137,"Infinix SMART 8 (Timber Black, 64 GB)","₹7,099",4 GB RAM | 64 GB ROM | Expandable Upto 2 TB16.76 cm (6.6 inch) HD+ Display50MP + AI Lens | 8MP Front Camera5000 mAh BatteryHelio G36 Processor1 Year on Handset and 6 Months on Accessories,4.3
138,"Apple iPhone 15 Plus (Blue, 128 GB)","₹82,999","128 GB ROM17.02 cm (6.7 inch) Super Retina XDR Display48MP + 12MP | 12MP Front CameraA16 Bionic Chip, 6 Core Processor Processor1 Year Warranty for Phone and 6 Months Warranty for In-Box Accessories",4.6
139,"POCO M5 (Power Black, 64 GB)","₹7,499","4 GB RAM | 64 GB ROM | Expandable Upto 512 GB16.71 cm (6.58 inch) Full HD+ Display50MP + 2MP Depth Sensor + 2MP Macro Sensor | 8MP Front Camera5000 mAh Lithium-ion Polymer BatteryMediatek Helio G99 Processor1 Year for Handset, 6 Months for Accessories",4.1
140,"Motorola g54 5G (Pearl Blue, 256 GB)","₹15,999",12 GB RAM | 256 GB ROM | Expandable Upto 1 TB16.51 cm (6.5 inch) Full HD+ Display50MP (OIS) + 8MP | 16MP Front Camera6000 mAh BatteryDimensity 7020 Processor1 Year on Handset and 6 Months on Accessories,4.2
141,SAMSUNG Guru Music 2,"₹1,450",NA ROM5.08 cm (2 inch) NA Display800 mAh Battery1 Year Manufacturer Warranty,4.2
142,"REDMI 13c 5G (Startrail Green, 256 GB)","₹14,198",8 GB RAM | 256 GB ROM17.12 cm (6.74 inch) Display50MP Rear Camera5000 mAh Battery1 Year,4.2
143,"realme C53 (Champion Black, 128 GB)","₹10,999",6 GB RAM | 128 GB ROM | Expandable Upto 2 TB17.12 cm (6.74 inch) HD Display108MP + 2MP | 8MP Front Camera5000 mAh BatteryT612 Processor1 Year Manufacturer Warranty for Phone and 6 Months Warranty for In the Box Accessories,4.4
144,"realme 11 5G (Glory Black, 256 GB)","₹19,999",8 GB RAM | 256 GB ROM | Expandable Upto 2 TB17.07 cm (6.72 inch) Full HD+ Display108MP + 2MP | 16MP Front Camera5000 mAh BatteryDimensity 6100+ Processor1 Year Manufacturer Warranty for Phone and 6 Months Warranty for In the Box Accessories,4.3
145,"realme 11 5G (Glory Gold, 256 GB)","₹19,999",8 GB RAM | 256 GB ROM | Expandable Upto 2 TB17.07 cm (6.72 inch) Full HD+ Display108MP + 2MP | 16MP Front Camera5000 mAh BatteryDimensity 6100+ Processor1 Year Manufacturer Warranty for Phone and 6 Months Warranty for In the Box Accessories,4.3
146,"POCO M6 5G (Galactic Black, 128 GB)","₹10,499",6 GB RAM | 128 GB ROM | Expandable Upto 1 TB17.12 cm (6.74 inch) HD+ Display50MP Rear Camera5000 mAh BatteryMediatek Dimensity 6100+ Processor1 Year Manufacturer Warranty for Phone and 6 Months Warranty for In the Box Accessories,4.3
147,"MOTOROLA g24 Power (Ink blue, 128 GB)","₹9,999",8 GB RAM | 128 GB ROM | Expandable Upto 1 TB16.76 cm (6.6 inch) HD+ Display50MP + 2MP | 16MP Front Camera6000 mAh BatteryHelio G85 Processor1 Year on Handset and 6 Months on Accessories,4
148,"Motorola G32 (Satin Silver, 128 GB)","₹9,999",8 GB RAM | 128 GB ROM16.51 cm (6.5 inch) Full HD+ Display50MP + 8MP + 2MP | 16MP Front Camera5000 mAh Lithium Polymer BatteryQualcomm Snapdragon 680 Processor1 Year on Handset and 6 Months on Accessories,4.1
149,SAMSUNG Guru Music 2,"₹1,265",NA ROM | Expandable Upto 16 GB5.08 cm (2 inch) QVGA Display0MP Front Camera800 mAh BatteryNA 0 Single Core 208MHz ProcessorNo Warranty,4.2
150,"POCO X6 Pro 5G (Spectre Black, 256 GB)","₹26,999",8 GB RAM | 256 GB ROM16.94 cm (6.67 inch) Display64MP + 8MP + 2MP | 16MP Front Camera5000 mAh BatteryDimensity D8300 Ultra Processor1 Year Manufacturer Warranty for Phone and 6 Months Warranty for In the Box Accessories,4.2
151,SAMSUNG GURU MUSIC 2,"₹1,295",8 MB RAM | 0 GB ROM | Expandable Upto 16 GB5.08 cm (2 inch) QVGA Display0MP | 0MP Front Camera800 mAh Battery0 0 0 208MHz Processor1 Year Manufacturer's Warranty,3.9
152,"OnePlus Nord CE 2 Lite 5G (Black Dusk, 128 GB)","₹17,615",6 GB RAM | 128 GB ROM16.74 cm (6.59 inch) Display64MP Rear Camera | 16MP Front Camera5000 mAh Battery12 months,4.4
153,"realme C53 (Champion Gold, 128 GB)","₹8,999",4 GB RAM | 128 GB ROM | Expandable Upto 2 TB17.12 cm (6.74 inch) HD Display108MP + 2MP | 8MP Front Camera5000 mAh BatteryT612 Processor1 Year Manufacturer Warranty for Phone and 6 Months Warranty for In the Box Accessories,4.1
154,"POCO X6 5G (Snowstorm White, 256 GB)","₹21,999",8 GB RAM | 256 GB ROM16.94 cm (6.67 inch) Display64MP + 8MP + 2MP | 16MP Front Camera5100 mAh Battery7s Gen 2 Mobile Platform 5G Processor1 Year Manufacturer Warranty for Phone and 6 Months Warranty for In the Box Accessories,4.3
155,"REDMI 13C (Starfrost White, 128 GB)","₹8,999",6 GB RAM | 128 GB ROM | Expandable Upto 1 TB17.12 cm (6.74 inch) HD+ Display50MP Rear Camera | 8MP Front Camera5000 mAh BatteryHelio G85 Processor1 Year Manufacturer Warranty for Phone and 6 Months Warranty for In the Box Accessories,4.2
156,SAMSUNG Guru Music 2 SM-B315E,"₹1,240",Expandable Upto 16 GB5.08 cm (2 inch) QVGA Display0MP Front Camera800 mAh Battery0 0 0 208MHz Processor1 Year Manufacturer's Warranty,4
157,"POCO C65 (Matte Black, 128 GB)","₹7,499",4 GB RAM | 128 GB ROM | Expandable Upto 1 TB17.12 cm (6.74 inch) HD+ Display50MP + AI Lens + 2MP | 8MP Front Camera5000 mAh BatteryHelio G85 Processor1 Year Manufacturer Warranty for Phone and 6 Months Warranty for in the Box Accessories,4.3
158,"POCO M6 5G (Galactic Black, 256 GB)","₹11,999",8 GB RAM | 256 GB ROM | Expandable Upto 1 TB17.12 cm (6.74 inch) HD+ Display50MP Rear Camera5000 mAh BatteryMediatek Dimensity 6100+ Processor1 Year Manufacturer Warranty for Phone and 6 Months Warranty for In the Box Accessories,4.3
159,"realme Narzo N53 (Feather Gold, 128 GB)","₹10,199",6 GB RAM | 128 GB ROM17.12 cm (6.74 inch) Display50MP Rear Camera5000 mAh BatteryDomestic 1 Year on Handset and 6 Months on Accessories,4.2
160,"Infinix SMART 8 (Galaxy White, 128 GB)","₹8,999",8 GB RAM | 128 GB ROM | Expandable Upto 2 TB16.76 cm (6.6 inch) HD+ Display50MP + AI Lens | 8MP Front Camera5000 mAh BatteryHelio G36 Processor1 Year on Handset and 6 Months on Accessories,4.5
161,"Infinix SMART 8 (Rainbow Blue, 128 GB)","₹8,999",8 GB RAM | 128 GB ROM | Expandable Upto 2 TB16.76 cm (6.6 inch) HD+ Display50MP + AI Lens | 8MP Front Camera5000 mAh BatteryHelio G36 Processor1 Year on Handset and 6 Months on Accessories,4.5
162,"Infinix SMART 8 (Timber Black, 128 GB)","₹8,999",8 GB RAM | 128 GB ROM | Expandable Upto 2 TB16.76 cm (6.6 inch) HD+ Display50MP + AI Lens | 8MP Front Camera5000 mAh BatteryHelio G36 Processor1 Year on Handset and 6 Months on Accessories,4.5
163,"Infinix SMART 8 (Shiny Gold, 128 GB)","₹8,999",8 GB RAM | 128 GB ROM | Expandable Upto 2 TB16.76 cm (6.6 inch) HD+ Display50MP + AI Lens | 8MP Front Camera5000 mAh BatteryHelio G36 Processor1 Year on Handset and 6 Months on Accessories,4.5
164,"Motorola e13 (Little Boy Blue, 128 GB)","₹7,499",8 GB RAM | 128 GB ROM | Expandable Upto 1 TB16.51 cm (6.5 inch) HD+ Display13MP Rear Camera | 5MP Front Camera5000 mAh BatteryUnisoc T606 Processor1 Year on Handset and 6 Months on Accessories,4.1
165,"POCO M6 Pro 5G (Power Black, 128 GB)","₹10,499",4 GB RAM | 128 GB ROM | Expandable Upto 1 TB17.25 cm (6.79 inch) Full HD+ Display50MP + 2MP | 8MP Front Camera5000 mAh BatterySnapdragon 4 Gen 2 Processor1 Year Manufacturer Warranty for Phone and 6 Months Warranty for In the Box Accessories,4.3
166,"Infinix SMART 7 (Azure Blue, 128 GB)","₹7,299",4 GB RAM | 128 GB ROM | Expandable Upto 512 GB16.76 cm (6.6 inch) HD+ Display13MP + AI Lens | 5MP Front Camera6000 mAh BatteryUnisoc Spreadtrum SC9863A1 Processor1 Year on Handset and 6 Months on Accessories,4.3
167,"POCO C65 (Pastel Blue, 256 GB)","₹9,499",8 GB RAM | 256 GB ROM | Expandable Upto 1 TB17.12 cm (6.74 inch) HD+ Display50MP + AI Lens + 2MP | 8MP Front Camera5000 mAh BatteryHelio G85 Processor1 Year Manufacturer Warranty for Phone and 6 Months Warranty for in the Box Accessories,4.2
168,"Apple iPhone 15 Plus (Pink, 128 GB)","₹82,999","128 GB ROM17.02 cm (6.7 inch) Super Retina XDR Display48MP + 12MP | 12MP Front CameraA16 Bionic Chip, 6 Core Processor Processor1 Year Warranty for Phone and 6 Months Warranty for In-Box Accessories",4.6
169,"REDMI 12 5G (Jade Black, 256 GB)","₹14,999",8 GB RAM | 256 GB ROM | Expandable Upto 1 TB17.25 cm (6.79 inch) Full HD+ Display50MP + 2MP | 8MP Front Camera5000 mAh BatterySnapdragon 4 Gen 2 Processor1 Year Manufacturer Warranty for Phone and 6 Months Warranty for In the Box Accessories,4.2
170,"realme C67 5G (Dark Purple, 128 GB)","₹14,999",6 GB RAM | 128 GB ROM | Expandable Upto 2 TB17.07 cm (6.72 inch) Full HD+ Display50MP + 2MP | 8MP Front Camera5000 mAh BatteryDimensity 6100+ Processor1 Year Manufacturer Warranty for Phone and 6 Months Warranty for In the Box Accessories,4.2
171,"REDMI 13C (Starfrost White, 128 GB)","₹7,999",4 GB RAM | 128 GB ROM | Expandable Upto 1 TB17.12 cm (6.74 inch) HD+ Display50MP Rear Camera | 8MP Front Camera5000 mAh BatteryHelio G85 Processor1 Year Manufacturer Warranty for Phone and 6 Months Warranty for In the Box Accessories,4.3
172,"Motorola e13 (Cosmic Black, 128 GB)","₹7,499",8 GB RAM | 128 GB ROM | Expandable Upto 1 TB16.51 cm (6.5 inch) HD+ Display13MP Rear Camera | 5MP Front Camera5000 mAh BatteryUnisoc T606 Processor1 Year on Handset and 6 Months on Accessories,4.1
173,"OnePlus Nord CE 3 Lite 5G (Chromatic Gray, 256 GB)","₹20,140","8 GB RAM | 256 GB ROM17.07 cm (6.72 inch) Display108MP Rear Camera5000 mAh Battery1 Year for  handset ,6 months fro accessories",4.4
174,"REDMI Note 12 Pro 5G (Glacier Blue, 128 GB)","₹21,999",6 GB RAM | 128 GB ROM16.94 cm (6.67 inch) Full HD+ AMOLED Display50MP (OIS) + 8MP + 2MP | 16MP Front Camera5000 mAh Lithium Polymer BatteryMediatek Dimensity 1080 Processor1 Year Manufacturer Warranty for Phone and 6 Months Warranty for In the Box Accessories,4.2
175,"REDMI Note 13 Pro+ 5G (Fusion Purple, 512 GB)","₹35,999",12 GB RAM | 512 GB ROM16.94 cm (6.67 inch) Display200MP (OIS) + 8MP + 2MP | 16MP Front Camera5000 mAh BatteryDimensity 7200 Ultra 5G Processor1 Year Manufacturer Warranty for Phone and 6 Months Warranty for In the Box Accessories,4.2
176,"Apple iPhone 14 Plus (Blue, 128 GB)","₹65,999","128 GB ROM17.02 cm (6.7 inch) Super Retina XDR Display12MP + 12MP | 12MP Front CameraA15 Bionic Chip, 6 Core Processor Processor1 Year Warranty for Phone and 6 Months Warranty for In-Box Accessories",4.6
177,"POCO X6 Pro 5G (Yellow, 512 GB)","₹28,999",12 GB RAM | 512 GB ROM16.94 cm (6.67 inch) Display64MP + 8MP + 2MP | 16MP Front Camera5000 mAh BatteryDimensity D8300 Ultra Processor1 Year Manufacturer Warranty for Phone and 6 Months Warranty for In the Box Accessories,4.3
178,"REDMI 12 (Jade Black, 128 GB)","₹10,499",6 GB RAM | 128 GB ROM | Expandable Upto 1 TB17.25 cm (6.79 inch) Full HD+ Display50MP + 8MP + 2MP | 8MP Front Camera5000 mAh BatteryHelio G88 Processor1 Year Manufacturer Warranty for Phone and 6 Months Warranty for in the Box Accessories,4.2
179,"POCO X6 Pro 5G (Racing Grey, 256 GB)","₹26,999",8 GB RAM | 256 GB ROM16.94 cm (6.67 inch) Display64MP + 8MP + 2MP | 16MP Front Camera5000 mAh BatteryDimensity D8300 Ultra Processor1 Year Manufacturer Warranty for Phone and 6 Months Warranty for In the Box Accessories,4.2
180,"Nokia 105 Single SIM, Keypad Mobile Phone with Wireless FM Radio","₹1,199",32 MB RAM | 32 MB ROM4.5 cm (1.77 inch) Display0MP | 0MP Front Camera1000 mAh BatterySC6531E Processor1 Year Replacement Warranty for Device and 6 Months Manufacturer Warranty for Inbox Accessories Including Battery from the Date of Purchase,4.1
181,"REDMI A2 (Sea Green, 64 GB)","₹6,982",4 GB RAM | 64 GB ROM | Expandable Upto 1 TB16.56 cm (6.52 inch) HD+ Display8MP Rear Camera | 5MP Front Camera5000 mAh BatteryHelio G36 Processor1 Year Manufacturer Warranty for Phone and 6 Months Warranty for In the Box Accessories,4.2
182,"Nothing Phone (2) (White, 512 GB)","₹38,999",12 GB RAM | 512 GB ROM17.02 cm (6.7 inch) Full HD+ Display50 MP(OIS) +50MP | 32MP Front Camera4700 mAh Lithium ion BatteryQualcomm Snapdragon 8+ Gen 1 ProcessorLTPO AMOLED (1 Hz - 120 Hz)1 Year Manufacturing Warranty,4.4
183,"REDMI Note 13 Pro+ 5G (Fusion Purple, 256 GB)","₹31,999",8 GB RAM | 256 GB ROM16.94 cm (6.67 inch) Display200MP (OIS) + 8MP + 2MP | 16MP Front Camera5000 mAh BatteryDimensity 7200 Ultra 5G Processor1 Year Manufacturer Warranty for Phone and 6 Months Warranty for In the Box Accessories,4.2
184,"realme Narzo N53 (Feather Gold, 128 GB)","₹10,199",6 GB RAM | 128 GB ROM17.12 cm (6.74 inch) Display50MP Rear Camera5000 mAh BatteryDomestic 1 Year on Handset and 6 Months on Accessories,4.2
185,"REDMI 13c 5G (Startrail Silver, 128 GB)","₹12,148",6 GB RAM | 128 GB ROM17.12 cm (6.74 inch) Display50MP Rear Camera5000 mAh Battery1 Year,4.2
186,SAMSUNG Guru Music 2,"₹1,220",NA ROM | Expandable Upto 16 GB5.08 cm (2 inch) QVGA Display0MP Front Camera800 mAh Li-Ion BatteryNA 0 Single Core 208MHz ProcessorNo care warranty,4.2
187,"Motorola G32 (Satin Silver, 128 GB)","₹9,999",8 GB RAM | 128 GB ROM16.51 cm (6.5 inch) Full HD+ Display50MP + 8MP + 2MP | 16MP Front Camera5000 mAh Lithium Polymer BatteryQualcomm Snapdragon 680 Processor1 Year on Handset and 6 Months on Accessories,4.1
188,"Motorola Edge 40 Neo (Peach Fuzz, 256 GB)","₹24,999",12 GB RAM | 256 GB ROM16.64 cm (6.55 inch) Full HD+ Display50MP + 13MP | 32MP Front Camera5000 mAh BatteryDimensity 7030 Processor1 Year on Handset and 6 Months on Accessories,4.3
189,"POCO C51 - Locked with Airtel Prepaid (Royal Blue, 64 GB)","₹4,999",4 GB RAM | 64 GB ROM | Expandable Upto 1 TB16.56 cm (6.52 inch) HD+ Display8MP Dual Rear Camera | 5MP Front Camera5000 mAh BatteryHelio G36 Processor1 Year Manufacturer Warranty for Phone and 6 Months Warranty for in the Box Accessories,4
190,"REDMI 13c 5G (Startrail Silver, 256 GB)","₹14,097",8 GB RAM | 256 GB ROM17.12 cm (6.74 inch) Display50MP Rear Camera5000 mAh Battery1 Year,4.2
191,"realme Narzo N53 (Feather Gold, 64 GB)","₹7,927",4 GB RAM | 64 GB ROM17.12 cm (6.74 inch) Display50MP Rear Camera5000 mAh BatteryDomestic 1 Year on Handset and 6 Months on Accessories,4.2
192,"Apple iPhone 13 (Blue, 128 GB)","₹52,999",128 GB ROM15.49 cm (6.1 inch) Super Retina XDR Display12MP + 12MP | 12MP Front CameraA15 Bionic Chip ProcessorBrand Warranty for 1 Year,4.7
193,SAMSUNG Guru Music 2,"₹1,269",0.53 RAM | NA KB ROM | Expandable Upto 16 GB5.08 cm (2 inch) QVGA Display0MP Front Camera800 mAh BatteryNA 0 Single Core 208MHz ProcessorNo Warranty,3.8
194,"realme C67 5G (Dark Purple, 128 GB)","₹14,999",6 GB RAM | 128 GB ROM | Expandable Upto 2 TB17.07 cm (6.72 inch) Full HD+ Display50MP + 2MP | 8MP Front Camera5000 mAh BatteryDimensity 6100+ Processor1 Year Manufacturer Warranty for Phone and 6 Months Warranty for In the Box Accessories,4.2
195,"realme Narzo 60 5G (Mars Orange, 256 GB)","₹19,286",8 GB RAM | 256 GB ROM16.33 cm (6.43 inch) Display64MP Rear Camera5000 mAh BatteryDomestic 1 Year of Device & 6 Months for In-Box Accessories,4.3
196,"REDMI 13C (Starfrost White, 128 GB)","₹7,999",4 GB RAM | 128 GB ROM | Expandable Upto 1 TB17.12 cm (6.74 inch) HD+ Display50MP Rear Camera | 8MP Front Camera5000 mAh BatteryHelio G85 Processor1 Year Manufacturer Warranty for Phone and 6 Months Warranty for In the Box Accessories,4.3
197,"REDMI Note 12 5G (Matte Black, 128 GB)","₹15,499",4 GB RAM | 128 GB ROM | Expandable Upto 1 TB16.94 cm (6.67 inch) Full HD+ AMOLED Display48MP + 8MP + 2MP | 13MP Front Camera5000 mAh BatteryQualcomm Snapdragon 4 Gen 1 Processor1 Year Manufacturer Warranty for Phone and 6 Months Warranty for In the Box Accessories,3.9
198,"Google Pixel 7a (Snow, 128 GB)","₹38,999",8 GB RAM | 128 GB ROM15.49 cm (6.1 inch) Full HD+ Display64MP (OIS) + 13MP | 13MP Front Camera4300 mAh BatteryTensor G2 Processor1 Year Domestic Warranty,4.1
199,"Google Pixel 7a (Sea, 128 GB)","₹38,999",8 GB RAM | 128 GB ROM15.49 cm (6.1 inch) Full HD+ Display64MP (OIS) + 13MP | 13MP Front Camera4300 mAh BatteryTensor G2 Processor1 Year Domestic Warranty,4.1
200,"Google Pixel 7a (Charcoal, 128 GB)","₹38,999",8 GB RAM | 128 GB ROM15.49 cm (6.1 inch) Full HD+ Display64MP (OIS) + 13MP | 13MP Front Camera4300 mAh BatteryTensor G2 Processor1 Year Domestic Warranty,4.1
201,"OnePlus Nord CE3 5G (Aqua Surge, 128 GB)","₹24,878",8 GB RAM | 128 GB ROM17.02 cm (6.7 inch) Display50MP Rear Camera | 50MP Front Camera5000 mAh BatteryDomestic 1 Year of Device & 6 Months for In-Box Accessories,4.4
202,"REDMI Note 12 (Sunrise Gold, 64 GB)","₹10,999",6 GB RAM | 64 GB ROM | Expandable Upto 1 TB16.94 cm (6.67 inch) Full HD+ Super AMOLED Display50MP + 8MP + 2MP | 13MP Front Camera5000 mAh BatterySnapdragon 685 Processor1 Year Manufacturer Warranty for Phone and 6 Months Warranty for In the Box Accessories,4.1
203,"realme Narzo 60 5G (Mars Orange, 128 GB)","₹15,870",8 GB RAM | 128 GB ROM16.33 cm (6.43 inch) Display64MP Rear Camera5000 mAh BatteryDomestic 1 Year of Device & 6 Months for In-Box Accessories,4.3
204,"Nothing Phone (2) (White, 256 GB)","₹36,999",12 GB RAM | 256 GB ROM17.02 cm (6.7 inch) Full HD+ Display50 MP(OIS) +50MP | 32MP Front Camera4700 mAh Lithium ion BatteryQualcomm Snapdragon 8+ Gen 1 ProcessorLTPO AMOLED (1 Hz - 120 Hz)1 Year Manufacturing Warranty,4.4
205,"REDMI Note 13 Pro 5G (Arctic White, 128 GB)","₹25,999",8 GB RAM | 128 GB ROM16.94 cm (6.67 inch) Display200MP (OIS) + 8MP + 2MP | 16MP Front Camera5100 mAh Battery7s Gen 2 Mobile Platform 5G Processor1 Year Manufacturer Warranty for Phone and 6 Months Warranty for In the Box Accessories,4.3
206,"SAMSUNG Galaxy M14 5G (Berry Blue, 128 GB)","₹11,986",6 GB RAM | 128 GB ROM16.76 cm (6.6 inch) Display50MP Rear Camera6000 mAh Battery1 year for handset and 6 month for accessories,4.2
207,Kechaoda A26,₹999,32 MB RAM | 32 MB ROM | Expandable Upto 16 GB1.68 cm (0.66 inch) Display800 mAh BatteryNO WARRANTY,4
208,"Motorola g84 5G (Midnight Blue, 256 GB)","₹17,999",12 GB RAM | 256 GB ROM16.64 cm (6.55 inch) Full HD+ Display50MP (OIS) + 8MP | 16MP Front Camera5000 mAh BatterySnapdragon 695 Processor1 Year on Handset and 6 Months on Accessories,4.2
209,"Nokia 105 Single SIM, Keypad Mobile Phone with Wireless FM Radio","₹1,199",32 MB RAM | 32 MB ROM4.5 cm (1.77 inch) Display0MP | 0MP Front Camera1000 mAh BatterySC6531E Processor1 Year Replacement Warranty for Device and 6 Months Manufacturer Warranty for Inbox Accessories Including Battery from the Date of Purchase,4.1
210,"IQOO Z7s 5G (Norway Blue, 128 GB)","₹15,647",6 GB RAM | 128 GB ROM16.21 cm (6.38 inch) Display64MP Rear Camera4500 mAh BatteryDomestic 1 Year on Handset and 6 Months on Accessories,4.3
211,"Nothing Phone (2) (Dark Grey, 256 GB)","₹36,999",12 GB RAM | 256 GB ROM17.02 cm (6.7 inch) Full HD+ Display50 MP(OIS) +50MP | 32MP Front Camera4700 mAh Lithium ion BatteryQualcomm Snapdragon 8+ Gen 1 ProcessorLTPO AMOLED (1 Hz - 120 Hz)1 Year Manufacturing Warranty,4.4
212,"Nothing Phone (2) (White, 128 GB)","₹39,999",8 GB RAM | 128 GB ROM17.02 cm (6.7 inch) Full HD+ Display50 MP(OIS) +50MP | 32MP Front Camera4700 mAh Lithium ion BatteryQualcomm Snapdragon 8+ Gen 1 ProcessorLTPO AMOLED (1 Hz - 120 Hz)1 Year Manufacturing Warranty,4.4
213,"Apple iPhone 14 Plus (Midnight, 128 GB)","₹65,999","128 GB ROM17.02 cm (6.7 inch) Super Retina XDR Display12MP + 12MP | 12MP Front CameraA15 Bionic Chip, 6 Core Processor Processor1 Year Warranty for Phone and 6 Months Warranty for In-Box Accessories",4.6
214,"REDMI 12 (Pastel Blue, 128 GB)","₹9,499",4 GB RAM | 128 GB ROM | Expandable Upto 1 TB17.25 cm (6.79 inch) Full HD+ Display50MP + 8MP + 2MP | 8MP Front Camera5000 mAh BatteryHelio G88 Processor1 Year Manufacturer Warranty for Phone and 6 Months Warranty for in the Box Accessories,4.3
215,"Apple iPhone 15 Plus (Pink, 128 GB)","₹82,999","128 GB ROM17.02 cm (6.7 inch) Super Retina XDR Display48MP + 12MP | 12MP Front CameraA16 Bionic Chip, 6 Core Processor Processor1 Year Warranty for Phone and 6 Months Warranty for In-Box Accessories",4.6
216,"REDMI 12 5G (Jade Black, 256 GB)","₹14,999",8 GB RAM | 256 GB ROM | Expandable Upto 1 TB17.25 cm (6.79 inch) Full HD+ Display50MP + 2MP | 8MP Front Camera5000 mAh BatterySnapdragon 4 Gen 2 Processor1 Year Manufacturer Warranty for Phone and 6 Months Warranty for In the Box Accessories,4.2
217,"Apple iPhone 14 Plus (Midnight, 128 GB)","₹65,999","128 GB ROM17.02 cm (6.7 inch) Super Retina XDR Display12MP + 12MP | 12MP Front CameraA15 Bionic Chip, 6 Core Processor Processor1 Year Warranty for Phone and 6 Months Warranty for In-Box Accessories",4.6
218,"Nothing Phone (2) (White, 128 GB)","₹39,999",8 GB RAM | 128 GB ROM17.02 cm (6.7 inch) Full HD+ Display50 MP(OIS) +50MP | 32MP Front Camera4700 mAh Lithium ion BatteryQualcomm Snapdragon 8+ Gen 1 ProcessorLTPO AMOLED (1 Hz - 120 Hz)1 Year Manufacturing Warranty,4.4
219,"Nothing Phone (2) (Dark Grey, 256 GB)","₹36,999",12 GB RAM | 256 GB ROM17.02 cm (6.7 inch) Full HD+ Display50 MP(OIS) +50MP | 32MP Front Camera4700 mAh Lithium ion BatteryQualcomm Snapdragon 8+ Gen 1 ProcessorLTPO AMOLED (1 Hz - 120 Hz)1 Year Manufacturing Warranty,4.4
220,Kechaoda K112,"₹1,569",32 MB RAM | 64 MB ROM | Expandable Upto 32 GB6.1 cm (2.4 inch) QVGA Display0.3MP Rear Camera3600 mAh Batteryno warranty,4
221,"REDMI 12 (Pastel Blue, 128 GB)","₹9,499",4 GB RAM | 128 GB ROM | Expandable Upto 1 TB17.25 cm (6.79 inch) Full HD+ Display50MP + 8MP + 2MP | 8MP Front Camera5000 mAh BatteryHelio G88 Processor1 Year Manufacturer Warranty for Phone and 6 Months Warranty for in the Box Accessories,4.3
222,"Apple iPhone 15 Plus (Pink, 128 GB)","₹82,999","128 GB ROM17.02 cm (6.7 inch) Super Retina XDR Display48MP + 12MP | 12MP Front CameraA16 Bionic Chip, 6 Core Processor Processor1 Year Warranty for Phone and 6 Months Warranty for In-Box Accessories",4.6
223,Kechaoda K112,"₹1,575","32 MB RAM | 64 MB ROM | Expandable Upto 32 GB6.1 cm (2.4 inch) QVGA Display0.3MP Rear Camera3600 mAh BatteryMediaTek MT6261D
Number of cores: 1
GPU: - Processor1 Year Company Domestic Warranty by Company Authorized Service Center.",4
224,SAMSUNG Metro 313 Dual Sim,"₹2,340",16 MB RAM | 2 MB ROM5.08 cm (2 inch) Display0.3MP Rear Camera1000 mAh Battery1 Year Manufacturer Warranty,4.2
225,"Motorola e13 (Cosmic Black, 128 GB)","₹7,499",8 GB RAM | 128 GB ROM | Expandable Upto 1 TB16.51 cm (6.5 inch) HD+ Display13MP Rear Camera | 5MP Front Camera5000 mAh BatteryUnisoc T606 Processor1 Year on Handset and 6 Months on Accessories,4.1
226,SAMSUNG Guru FM Plus SM-B110E/D,"₹1,499",NA ROM3.81 cm (1.5 inch) Display800 mAh BatteryNO WARRANTY,4.3
227,"POCO C65 (Pastel Blue, 128 GB)","₹8,299",6 GB RAM | 128 GB ROM | Expandable Upto 1 TB17.12 cm (6.74 inch) HD+ Display50MP + AI Lens + 2MP | 8MP Front Camera5000 mAh BatteryHelio G85 Processor1 Year Manufacturer Warranty for Phone and 6 Months Warranty for in the Box Accessories,4.3
228,"REDMI Note 13 Pro+ 5G (Fusion Purple, 256 GB)","₹31,999",8 GB RAM | 256 GB ROM16.94 cm (6.67 inch) Display200MP (OIS) + 8MP + 2MP | 16MP Front Camera5000 mAh BatteryDimensity 7200 Ultra 5G Processor1 Year Manufacturer Warranty for Phone and 6 Months Warranty for In the Box Accessories,4.2
229,"REDMI Note 13 5G (Prism Gold, 128 GB)","₹18,989",6 GB RAM | 128 GB ROM16.94 cm (6.67 inch) Display108MP Rear Camera5000 mAh Battery1 Year Brand Warranty,4.2
230,"SAMSUNG Galaxy M14 5G (Smoky Teal, 128 GB)","₹11,301",4 GB RAM | 128 GB ROM16.76 cm (6.6 inch) Display50MP Rear Camera6000 mAh Battery1 year for handset and 6 month for accessories,4.2
231,"Samsung Galaxy S21 FE 5G with Snapdragon 888 (Lavender, 128 GB)","₹29,999",8 GB RAM | 128 GB ROM16.26 cm (6.4 inch) Full HD+ Display12MP + 12MP + 8MP (OIS) | 32MP Front Camera4500 mAh Lithium-ion BatterySnapdragon 888 Processor1 Year Manufacturer Warranty for Device and 6 Months Manufacturer Warranty for In-Box Accessories,4.3
232,"REDMI Note 13 Pro+ 5G (Fusion Purple, 512 GB)","₹35,999",12 GB RAM | 512 GB ROM16.94 cm (6.67 inch) Display200MP (OIS) + 8MP + 2MP | 16MP Front Camera5000 mAh BatteryDimensity 7200 Ultra 5G Processor1 Year Manufacturer Warranty for Phone and 6 Months Warranty for In the Box Accessories,4.2
233,"realme Narzo N53 (Feather Gold, 128 GB)","₹10,003","8 GB RAM | 128 GB ROM17.12 cm (6.74 inch) HD+ Display50MP Rear Camera5000 mAh BatteryAndroid 13, Realme UI T ProcessorDomestic 1 Year on Handset and 6 Months on Accessories",4.2
234,"vivo V29 5G (Blue, 128 GB)","₹32,999",8 GB RAM | 128 GB ROM17.22 cm (6.78 inch) Full HD+ AMOLED Display50MP + 8MP + 2MP | 50MP Front Camera4600 mAh Battery778G Processor1 Year Manufacturer Warranty for Phone and 6 Months Warranty for In the Box Accessories,4.5
235,"OnePlus 12R 5G (Cool Blue, 128 GB)","₹39,998",8 GB RAM | 128 GB ROM17.22 cm (6.78 inch) Display50MP Rear Camera5500 mAh Battery1 Year Brand Warranty,4.1
236,"MOTOROLA g24 Power (Glacier Blue, 128 GB)","₹8,999",4 GB RAM | 128 GB ROM | Expandable Upto 1 TB16.76 cm (6.6 inch) HD+ Display50MP + 2MP | 16MP Front Camera6000 mAh BatteryHelio G85 Processor1 Year on Handset and 6 Months on Accessories,4.3
237,"POCO X6 Pro 5G (Yellow, 512 GB)","₹28,999",12 GB RAM | 512 GB ROM16.94 cm (6.67 inch) Display64MP + 8MP + 2MP | 16MP Front Camera5000 mAh BatteryDimensity D8300 Ultra Processor1 Year Manufacturer Warranty for Phone and 6 Months Warranty for In the Box Accessories,4.6
238,"Apple iPhone 12 (Blue, 64 GB)","₹44,999","64 GB ROM15.49 cm (6.1 inch) Super Retina XDR Display12MP + 12MP | 12MP Front CameraA14 Bionic Chip with Next Generation Neural Engine ProcessorCeramic ShieldIndustry-leading IP68 Water ResistanceAll Screen OLED Display12MP TrueDepth Front Camera with Night Mode, 4K Dolby Vision HDR RecordingBrand Warranty for 1 Year",4.2
239,"POCO X6 Pro 5G (Racing Grey, 256 GB)","₹26,999",8 GB RAM | 256 GB ROM16.94 cm (6.67 inch) Display64MP + 8MP + 2MP | 16MP Front Camera5000 mAh BatteryDimensity D8300 Ultra Processor1 Year Manufacturer Warranty for Phone and 6 Months Warranty for In the Box Accessories,
